﻿<?xml version="1.0" encoding="utf-8"?>
<Solution xmlns="http://schemas.microsoft.com/sharepoint/" SolutionId="754b3fd9-8110-4f81-8444-8842bcdef9e7" SharePointProductVersion="14.0">
  <Assemblies>
    <Assembly Location="UploadDocuments.dll" DeploymentTarget="GlobalAssemblyCache">
      <SafeControls>
        <SafeControl Assembly="UploadDocuments, Version=1.0.0.0, Culture=neutral, PublicKeyToken=b3f3a5865ca660f6" Namespace="UploadDocuments.UploadDocument" TypeName="*" />
      </SafeControls>
    </Assembly>
  </Assemblies>
  <TemplateFiles>
    <TemplateFile Location="CONTROLTEMPLATES\UploadDocuments\UploadDocument\UploadDocumentUserControl.ascx" />
  </TemplateFiles>
  <FeatureManifests>
    <FeatureManifest Location="UploadDocuments_Feature1\Feature.xml" />
  </FeatureManifests>
</Solution>