﻿<?xml version="1.0" encoding="utf-8"?>
<Solution xmlns="http://schemas.microsoft.com/sharepoint/" SolutionId="d3c0e777-46a9-407c-9da2-eb43021bb290" SharePointProductVersion="14.0">
  <Assemblies>
    <Assembly Location="Multiple_Site_Collections.dll" DeploymentTarget="GlobalAssemblyCache">
      <SafeControls>
        <SafeControl Assembly="Multiple_Site_Collections, Version=1.0.0.0, Culture=neutral, PublicKeyToken=aa54364b74e78cee" Namespace="Multiple_Site_Collections.ListofSiteCollection" TypeName="*" />
      </SafeControls>
    </Assembly>
  </Assemblies>
  <TemplateFiles>
    <TemplateFile Location="CONTROLTEMPLATES\Multiple_Site_Collections\ListofSiteCollection\ListofSiteCollectionUserControl.ascx" />
  </TemplateFiles>
  <FeatureManifests>
    <FeatureManifest Location="Multiple_Site_Collections_Feature1\Feature.xml" />
  </FeatureManifests>
</Solution>